open_img_001.png	ハロウィンの夜、町は一変して魔法の世界に変わる。子どもだち	はカポチvのランダタンを手に、模しげに`Trickortreat!」と叫び	ながら家々を巡る。大人だらは仮装パ-ティ-で笑顔を交わし、		楽し(時間を過ごす。街灯に限らされだカボチゞの顔は少し怖ぐ	も見えるが、との背後には温か(家族の愛と友情が詰まっている。	ハロウィンは、年に一度の慢法の夜である。		Thejack-o`-lanternslightthewayaschildren	gofrornhousetohouseseelcindtreats.		HALLOVWEEN																																																																																																																																																																																																																																																																																																																																																																																																																																																																																																																																																																			
open_img_002.png	、‡映旨>ネモ	も主取示プホ		『NOPHOTOGRAPHY	NOVIDEORECORDINC																																																																																																																																																																																																																																																																																																																																																																																																																																																																																																																																																																										
open_img_003.png	`本日は、ちの新しい製品についてご紹介いたしま	す。この製は最新の技術を駆位しより快適な生活を	を自		旋供すること指しています。」		お世話になっております。	ご依頼いただいた資料を	添付いたしましたので、	ご確認のほどお願い申し	上げます																																																																																																																																																																																																																																																																																																																																																																																																																																																																																																																																																																				
open_img_004.png	啓		②	②		②ダダダグダググダググ②グ②グ②ググググググダググ②グ然	②ク②②②②②②②②②②②②②②②②②②		②		⑳②②②②②②②②②②②②⑨②②②②		②②②		②②②②②②②②②②②⑨②②②②⑨②②②②		②②②②②②②②②②②②②②②②②②	②②②②②②②②②②②②②②②②②②②②②②②		⑳	災		②⑦		⑫②②②②②②②②②②②⑨②②②②⑨②②⑨②②②②	z		ど	⑫②②②②②②②②②②②②②②⑨②②②②⑨②②⑨		②	体		と②②②②②②②②②②②②②②②②②②②②	⑫②②②②②②②②②②②⑨②②②②⑨②②⑨②②②②		②②②		⑫		⑫②②②②②②②②②②②②②②②②②②②②		②		NSSSSSSSSSS	ScScScScScSccsc	A	DedXSSCSCSSSSSScSSSzetd	M	kCCISIGISISISCSCSCSES②RS	MSSSSSSSSSScScSciseiras	ASSSSSScScSccSc②ccdle	⑧&K②SSCSSSSSScSSSSStiuccs	NSccSCSccScScSccaeasticis	A②SCSCSCSSScScScocEsdnccs	NGd②CSCSCSCScScSSSSEmpdccccs	にCCCCSISIGISIGCSCSRGRKSCSKSES	SGCSCSSSSCSKSCEoSXScSc	R	MaSRSSSSc	kに⑫RSSKSCSESESS	來S	ASXodc②ccscs	N②SSSCSSSSeseetcscsce	NSSSSSScScScS②teEecscsce	代tSSSSSSTESSSSSSE	MSSSCSSSSScSaed②cscscs	RSSSSSSSSSAASSSSSSSS	RtSSSSSSSSKSSSSSSSSSS	RSSSEEESSSSSS	AScococscscuxs		⑫②②②②②②②②②②②②②②⑨②②②②⑨②②⑨		②②②②②⑥		②②②②②②②②②②②②②②②②②②②②②②②②②②②⑨②②⑨②②⑨②②⑨②②⑨②②⑨②②②②⑨②②グ②グ	②		②②②②②②②②②②②②②②②②⑨②②②②⑨②②⑨②②⑨②②⑨②②0②②⑨②②0②②⑨②②②②⑨②②②グ		レクン		な②		②②	な		⑫②②②②②②②②②②②②②②②②②②②②②②		⑳②②		C	さ	さ	さ	さ	さ	さ	さ	さ	さ	さ	さ	さ	さ	さ	さ	さ	さ	さ	さ	さ	さ	さ	さ	さ	さ	さ	さ	さ	さ	さ	さ		②が②グ②グ②グググググググググ②②②②		ン・	ど	参,′′,′′′′	捨		ッググ②グググググググググググググググンクグンクグンクダグング②		②	の	無		と	ど	⑫②②②②②②②②②②②②②②②⑨②②⑨②②⑨②②②②⑨②②0②②⑨②②②②⑨②②⑨②②②②②②②		み②②②②②②②②②②②②②②②②②②②②②②②②②②②	と②が②②②②②②②②②②②②②②②②②②②②②②②	②ダググダダダグダグググダ②		ど	②ダググダダググググググダグ		グ②	②	′$′		②	ジ		②が②グ②ググ②グググ②グググググググググググンクグンク②②	②②②②②②②②②②②②②②②②②②②②②グ②グ②グ②グ②グ⑧グ②		⑫グ②ググ②ググググググググググググング②	みク②②②②②②②②②②②②②②②②②②②②②②②②②②②②②②		グ②	②		②②②②②②②②②②②②②②②②②②②②②②②⑨②②②②⑨②②②⑨②②⑨②②⑨②②0⑨②⑧		⑫②②②②②②②②②②⑨②②⑨②②⑨②②②②⑨②②⑨②②⑨②②⑨②②②②②⑨②②⑨②②②⑧		②		グ②②②②グ②グググググググググググ②②		②②		②		es	es	es	es	es	es	es	es	es	es	es	es	es	es	es	es	es	es	es	es	es	es	es	es	es	es	es	es	es	es	es	es	es	es	es	es	es	es	es	es	es	es	es	es	es	es	es	es	es	es	es	es	es	es	es	es	es	es	es	es	es	es	es	es	es	es	es	es	es	es	es	ミ	ae		②②②②②②②②②②②②②②②②②②②②②②②②②②②②②②②②②②②②②②②②②②②②②②②⑥	クク②②②②②②②②②②②②②②②②②②②②②②②②②②②②②②②②②②②②②②②②②②		字	体	ン		窟	⑳②	②②②②②グ②グ②グ②ググ②グググググググググンクグンクグ②②		⑫②②②②②②②②②②②②②②②⑨②②⑨②②⑨②②②②⑨②②0②②⑨②②②②⑨②②⑨②②②②②②②		②②②②②②②②②②②②②②②②②②②②②②②②②②②②	②②②②②②②②②②②②②②②②②②②②②②②		②が②グ②グ②グ②グ②グ②グ②②②>	⑫②②②②②②②②②②②②⑨②②②グ②会	②②②		②②②グ②グ②グ②グググ②②②②	②②②②②②②②グ②②②グ②②②②グ②		⑳②		⑳②		②		②②		⑫②②②②②②②②②②②②②②②②②②②②②		②		②②②②②②グ②グ②グ②ググ②ググググググ②	②		②ダダダダグダググググダグ②ダ		②ダダグダダダグググググ②ダ		⑫0ダググ②②②②②②②②②②⑨②②②②⑨②グ②②グ②		⑧②②②②②②②②②②②②②②②②②②②②②②②②②②②	②ンンンンンンンンン	ン②ググググググググググ		②グ②ググ②グググ②ググ②グ②グ②グ⑦		啓		⑳②②②グググ②ググググググ②②		②	②②②	ど		③		②ググググ炎炎炎炎炎炎炎グ炎初グ		,	に	②	②	閤		ェテ	′′′′套②の		②o②		r②⑦	②	ど譲彡′縄	糞$墾	②②②	②②②	-	②	②②0	姜	ク′$ま-		綱	ど		会		②②		⑳の②	②		⑧	②な②	ど		ンダ②	ダおネ	②②②⑨		②	②②		②グ②		⑤		映	0	り		ク		と	レ	②②②②	⑳		⑫②②		②⑧⑧④⑤		②	②グ⑳②なな	②②②		④		②		②		為	とう-	⑳	為		-		②		グ′ヶ′	Se	Reteeixsx		便	②	②②④		②②②	P	レ	②②②ル②	じ②		ク		~	を	団	淑	⑧		災	④	②②②		②	②	初	②		る		⑤		紛	③		②②	う		ど	と	②②ル②		②		な	②	②②②②②②		ら②②②②②②②②②②が0	②ダグダグダダグ		②②②②②		⑳	②グ		②②④③		ト②②		②	⑨	と-	②⑥	②	デ?	②	②	ン	②	②	ど②	②②②	グ②	②	と	②	と	o②②	ど②②	②②	とン	グ②	⑳⑥	ど②	助	⑳②		⑧	坪		②ダグダグ②ダ②	②ググダダダた	と②②②②②②②②②②②⑥		②		②	②②②グ②グ②グググ②ググググ⑳		ンン|	②ク		②ダグダ②ダ②	③		P	⑫②②②②②		②②②	②②②②0②②0	⑫②②②②②②②②		②	⑳②	②	②		②②②②②②②②②②②②	⑫②②②②②②②②②②		⑳②②	②②②②		さ		みク②②②②②②②②	⑫②②②②②②⑨②②②②④		②	②	②	②	②		②	②が②グ②グ②グ②グ⑳		⑫②②②②②②②②②②②②②②②②②②		②	⑫②②②②②②⑨②②②②⑨②②⑨②②		②グ②グ②ググ②ググ②グ②		②	②	②	②②		ダグダダダグダ②グ	②ググダダグダグダダダ②②②②		ら②②②②②②②②②②②②②②②②②		②ク②②②②②②②②②②②②②②②②な②②がが	②グ②グ②グ②②②②②②②②②②②②②②ググ②	⑳0②00②0②0②0②00000000②00000②00②00		⑫②②②②②②②②②②②②②②②②②②	
open_img_005.png	`フラセポボ群		-ト-																																																																																																																																																																																																																																																																																																																																																																																																																																																																																																																																																																												
open_img_006.png	昨目、新宿のデパ-トでショッピングを楽しんだ。特に	新しいバッグが素晴らしく、友達にもおすすめした。		旅行中は撮影した写真をインスタグラムにアップロ-ド。	フォロリ-から多くのコメントをもらい、次回の旅行が	待ち遠しい。		駅前のカフェで毎朝コユヒ-を飲みながら、最新のビジ	ネスニュ-スズスをチェッヤするのが日課だ		城忠`神十ヨ姦ヨや紗固一`矩ベ-トトト	地鮑や`国力S城つうくへトルトリ-心袋	進心e応惟社																																																																																																																																																																																																																																																																																																																																																																																																																																																																																																																																																																		
open_img_007.png	愚で蜀楊束ぐトトヾK坂己し睡で憲則哉	0etキキトク心し唇芦トテスりでかしロ-ゃ	nってともゃトニ-ヤスト石せ鈍し魯己呪巡詞さ	てちゃさや箔セっ崎雲(⑤栄全見楊口尖り	包きでて委全同are帆ee全(懐ぐ煉一っち	-牡一冗婦ととネ-て検さかゃとバ-ト		ン	ン柳																																																																																																																																																																																																																																																																																																																																																																																																																																																																																																																																																																						
open_img_008.png	ごの画像に写っているちものから、連想できる		語を記載していま		ヤシの木:トロピカル、		」コナッツ、硬い、ジュ-ス		海:青い、波の音、マリンスポ-ツ、水平線		砂浜:貝殻、砂遊び、		光浴、ピ-チバレ																																																																																																																																																																																																																																																																																																																																																																																																																																																																																																																																																																		
open_img_009.png	ッな*⑤④定期的な嗚怖て石けん力スを取り除き転倒リスクをさら【〕戌ら	ョPPAならゃらrなmッあ心る①aoトッtトr																																																																																																																																																																																																																																																																																																																																																																																																																																																																																																																																																																													
open_img_010.png																																																																																																																																																																																																																																																																																																																																																																																																																																																																																																																																																																															
